post_id,text,post_text,shared_text,time,timestamp,image,image_lowquality,images,images_description,images_lowquality,images_lowquality_description,video,video_duration_seconds,video_height,video_id,video_quality,video_size_MB,video_thumbnail,video_watches,video_width,likes,comments,shares,post_url,link,links,user_id,username,user_url,is_live,factcheck,shared_post_id,shared_time,shared_user_id,shared_username,shared_post_url,available,comments_full,reactors,w3_fb_url,reactions,reaction_count,with,page_id,sharers,image_id,image_ids,was_live,fetched_time
937088780241125,"Do you find it shocking that in a rich well developed country like Singapore people are going hungry?

https://www.facebook.com/106776630689061/posts/641704030529649/

Prabu Ramachandran addresses Real Issues in Singapore
November 10 at 11:28 PM Â·

Will the PAP government invoke POFMA or FICA against Aljazeera for this article?

If they don't do that, can we assume that this article is factual & truthful with regards to people in Singapore going hungry?

This is the kind of article that you do not see in the local mainstream media, ranked 160th in the world.

The first thing that shocks me is that MSF had downplayed this to the international media by saying that only 4.5% of Singapore's population had faced ""moderate to severe"" food insecurity compared to as much as 14% in other developed countries.

Will a caring government even bother to make such a justification when the statistics are so bad? It's like saying that a dirty Orient Express is not an issue because African ones have it much worse.

Some of you may recall a 2014 article in the BBC which said that as much as 400,000 people in Singapore live on less than $5 a day. What has changed since then even as the country has grown considerably in the past 7 years?

It also shows you how terribly irresponsible this government is by lavishing money on foreigners when so much work needs to be done at home.

Thanks to the lack of statistics, we do not know how much of taxpayers money is being spent on scholarships to foreign students. But it's almost certain that the number runs in the millions. Why can't this amount be given out via ComCare to true blue Singaporeans instead?

And to this group of people, how will they feel when they see the cost of living rising again and again in the span of just a few months? Not only are public transport fares increasing, but also electricity tariffs and soon to be GST as well!

Where is our promise by the PAP made just over a year ago that ""with you, for you?"" Or for that matter, where is our ""Swiss standard of living""?

Coupled with the many screw ups by the 4G leadership team, it is clear that the PAP has lost its moral authority and political change may be coming faster than one can imagine.","Do you find it shocking that in a rich well developed country like Singapore people are going hungry?

https://www.facebook.com/106776630689061/posts/641704030529649/","Prabu Ramachandran addresses Real Issues in Singapore
November 10 at 11:28 PM Â·

Will the PAP government invoke POFMA or FICA against Aljazeera for this article?

If they don't do that, can we assume that this article is factual & truthful with regards to people in Singapore going hungry?

This is the kind of article that you do not see in the local mainstream media, ranked 160th in the world.

The first thing that shocks me is that MSF had downplayed this to the international media by saying that only 4.5% of Singapore's population had faced ""moderate to severe"" food insecurity compared to as much as 14% in other developed countries.

Will a caring government even bother to make such a justification when the statistics are so bad? It's like saying that a dirty Orient Express is not an issue because African ones have it much worse.

Some of you may recall a 2014 article in the BBC which said that as much as 400,000 people in Singapore live on less than $5 a day. What has changed since then even as the country has grown considerably in the past 7 years?

It also shows you how terribly irresponsible this government is by lavishing money on foreigners when so much work needs to be done at home.

Thanks to the lack of statistics, we do not know how much of taxpayers money is being spent on scholarships to foreign students. But it's almost certain that the number runs in the millions. Why can't this amount be given out via ComCare to true blue Singaporeans instead?

And to this group of people, how will they feel when they see the cost of living rising again and again in the span of just a few months? Not only are public transport fares increasing, but also electricity tariffs and soon to be GST as well!

Where is our promise by the PAP made just over a year ago that ""with you, for you?"" Or for that matter, where is our ""Swiss standard of living""?

Coupled with the many screw ups by the 4G leadership team, it is clear that the PAP has lost its moral authority and political change may be coming faster than one can imagine.",2021-11-10 23:29:37,1636558177,https://scontent.fsin4-1.fna.fbcdn.net/v/t39.30808-6/fr/cp0/e15/q65/255855907_641704050529647_7596868205352953156_n.jpg?_nc_cat=101&ccb=1-5&_nc_sid=8024bb&efg=eyJpIjoidCJ9&_nc_ohc=SdSC4TtozyQAX9knVt7&_nc_ht=scontent.fsin4-1.fna&oh=0aa43ec3c80ef6d84bab2ad87f6e3405&oe=61977178,https://scontent.fsin4-1.fna.fbcdn.net/v/t39.30808-6/cp0/e15/q65/p320x320/255855907_641704050529647_7596868205352953156_n.jpg?_nc_cat=101&ccb=1-5&_nc_sid=8024bb&efg=eyJpIjoidCJ9&_nc_ohc=SdSC4TtozyQAX9knVt7&_nc_ht=scontent.fsin4-1.fna&oh=700a56d967b6c1ef5cbccaf44e38fc8d&oe=61975E43,['https://scontent.fsin4-1.fna.fbcdn.net/v/t39.30808-6/fr/cp0/e15/q65/255855907_641704050529647_7596868205352953156_n.jpg?_nc_cat=101&ccb=1-5&_nc_sid=8024bb&efg=eyJpIjoidCJ9&_nc_ohc=SdSC4TtozyQAX9knVt7&_nc_ht=scontent.fsin4-1.fna&oh=0aa43ec3c80ef6d84bab2ad87f6e3405&oe=61977178'],"[""May be an image of 1 person and text that says 'ALJAZEERA LIVE News Coronavirus pandemic As COVID-19 rages, more in Singapore go hungry People dropping meals, buying cheapest products as pandemic leaves contract and low-paid struggling to make ends meet. The coronavirus pandemic has left more people in Singapore, one of the world's wealthiest countries, struggling to feed themselves [Toh Ee Ming/A Jazeera] By Toh Ee Ming 10 Nov 2021'""]",['https://scontent.fsin4-1.fna.fbcdn.net/v/t39.30808-6/cp0/e15/q65/p320x320/255855907_641704050529647_7596868205352953156_n.jpg?_nc_cat=101&ccb=1-5&_nc_sid=8024bb&efg=eyJpIjoidCJ9&_nc_ohc=SdSC4TtozyQAX9knVt7&_nc_ht=scontent.fsin4-1.fna&oh=700a56d967b6c1ef5cbccaf44e38fc8d&oe=61975E43'],"[""May be an image of 1 person and text that says 'ALJAZEERA LIVE News Coronavirus pandemic As COVID-19 rages, more in Singapore go hungry People dropping meals, buying cheapest products as pandemic leaves contract and low-paid struggling to make ends meet. The coronavirus pandemic has left more people in Singapore, one of the world's wealthiest countries, struggling to feed themselves [Toh Ee Ming/A Jazeera] By Toh Ee Ming 10 Nov 2021'""]",,,,,,,,,,110,48,25,https://m.facebook.com/groups/sgopposition/permalink/937088780241125/,,"[{'link': '/story.php?story_fbid=641704030529649&id=106776630689061&refid=18&_ft_=top_level_post_id.937088780241125%3Acontent_owner_id_new.595092624%3Aoriginal_content_id.641704030529649%3Aoriginal_content_owner_id.106776630689061%3Apage_id.106776630689061%3Astory_location.6%3Aattached_story_attachment_style.photo%3Aott.AX9YW9N7t06yYfqn%3Atds_flgs.3%3Apage_insights.%7B%22106776630689061%22%3A%7B%22page_id%22%3A106776630689061%2C%22page_id_type%22%3A%22page%22%2C%22actor_id%22%3A595092624%2C%22attached_story%22%3A%7B%22page_id%22%3A106776630689061%2C%22page_id_type%22%3A%22page%22%2C%22actor_id%22%3A106776630689061%2C%22dm%22%3A%7B%22isShare%22%3A0%2C%22originalPostOwnerID%22%3A0%7D%2C%22psn%22%3A%22EntStatusCreationStory%22%2C%22post_context%22%3A%7B%22object_fbtype%22%3A266%2C%22publish_time%22%3A1636558092%2C%22story_name%22%3A%22EntStatusCreationStory%22%2C%22story_fbid%22%3A%5B641704030529649%5D%7D%2C%22role%22%3A1%2C%22sl%22%3A6%7D%2C%22dm%22%3A%7B%22isShare%22%3A0%2C%22originalPostOwnerID%22%3A0%7D%2C%22psn%22%3A%22EntGroupMallPostCreationStory%22%2C%22role%22%3A1%2C%22sl%22%3A6%2C%22targets%22%3A%5B%7B%22actor_id%22%3A595092624%2C%22page_id%22%3A106776630689061%2C%22post_id%22%3A641704030529649%2C%22role%22%3A1%2C%22share_id%22%3A0%7D%5D%7D%2C%22565416764074997%22%3A%7B%22page_id%22%3A565416764074997%2C%22page_id_type%22%3A%22group%22%2C%22actor_id%22%3A595092624%2C%22dm%22%3A%7B%22isShare%22%3A1%2C%22originalPostOwnerID%22%3A641704030529649%7D%2C%22psn%22%3A%22EntGroupMallPostCreationStory%22%2C%22post_context%22%3A%7B%22object_fbtype%22%3A657%2C%22publish_time%22%3A1636558177%2C%22story_name%22%3A%22EntGroupMallPostCreationStory%22%2C%22story_fbid%22%3A%5B937088780241125%5D%7D%2C%22role%22%3A1%2C%22sl%22%3A6%7D%7D&__tn__=%2As-R', 'text': 'https://www.facebook.com/106776630689061/posts/641704030529649/'}, {'link': '/story.php?story_fbid=641704030529649&id=106776630689061&refid=18', 'text': 'More'}, {'link': '/story.php?story_fbid=641704030529649&id=106776630689061&_ft_=top_level_post_id.641704030529649%3Acontent_owner_id_new.106776630689061%3Astory_location.6%3Astory_attachment_style.photo&refid=18&__tn__=%2C%3B', 'text': 'More'}]",595092624,Prabu Ramachandran,https://facebook.com/flute.prabu?groupid=565416764074997&refid=18&_ft_=top_level_post_id.937088780241125%3Acontent_owner_id_new.595092624%3Aoriginal_content_id.641704030529649%3Aoriginal_content_owner_id.106776630689061%3Apage_id.106776630689061%3Astory_location.6%3Aattached_story_attachment_style.photo%3Aott.AX9YW9N7t06yYfqn%3Atds_flgs.3%3Apage_insights.%7B%22106776630689061%22%3A%7B%22page_id%22%3A106776630689061%2C%22page_id_type%22%3A%22page%22%2C%22actor_id%22%3A595092624%2C%22attached_story%22%3A%7B%22page_id%22%3A106776630689061%2C%22page_id_type%22%3A%22page%22%2C%22actor_id%22%3A106776630689061%2C%22dm%22%3A%7B%22isShare%22%3A0%2C%22originalPostOwnerID%22%3A0%7D%2C%22psn%22%3A%22EntStatusCreationStory%22%2C%22post_context%22%3A%7B%22object_fbtype%22%3A266%2C%22publish_time%22%3A1636558092%2C%22story_name%22%3A%22EntStatusCreationStory%22%2C%22story_fbid%22%3A%5B641704030529649%5D%7D%2C%22role%22%3A1%2C%22sl%22%3A6%7D%2C%22dm%22%3A%7B%22isShare%22%3A0%2C%22originalPostOwnerID%22%3A0%7D%2C%22psn%22%3A%22EntGroupMallPostCreationStory%22%2C%22role%22%3A1%2C%22sl%22%3A6%2C%22targets%22%3A%5B%7B%22actor_id%22%3A595092624%2C%22page_id%22%3A106776630689061%2C%22post_id%22%3A641704030529649%2C%22role%22%3A1%2C%22share_id%22%3A0%7D%5D%7D%2C%22565416764074997%22%3A%7B%22page_id%22%3A565416764074997%2C%22page_id_type%22%3A%22group%22%2C%22actor_id%22%3A595092624%2C%22dm%22%3A%7B%22isShare%22%3A1%2C%22originalPostOwnerID%22%3A641704030529649%7D%2C%22psn%22%3A%22EntGroupMallPostCreationStory%22%2C%22post_context%22%3A%7B%22object_fbtype%22%3A657%2C%22publish_time%22%3A1636558177%2C%22story_name%22%3A%22EntGroupMallPostCreationStory%22%2C%22story_fbid%22%3A%5B937088780241125%5D%7D%2C%22role%22%3A1%2C%22sl%22%3A6%7D%7D&__tn__=C-R,False,,641704030529649,2021-11-10 23:28:00,106776630689061,Prabu Ramachandran addresses Real Issues in Singapore,https://facebook.com/story.php?story_fbid=641704030529649&id=106776630689061,True,,[],https://www.facebook.com/groups/sgopposition/permalink/937088780241125/,"{'like': 110, 'love': 1, 'haha': 3, 'wow': 15, 'sad': 50, 'angry': 9}",188,"[{'name': 'post', 'link': '/story.php?story_fbid=641704030529649&id=106776630689061&refid=18&_ft_=top_level_post_id.937088780241125%3Acontent_owner_id_new.595092624%3Aoriginal_content_id.641704030529649%3Aoriginal_content_owner_id.106776630689061%3Apage_id.106776630689061%3Astory_location.6%3Aattached_story_attachment_style.photo%3Aott.AX9YW9N7t06yYfqn%3Atds_flgs.3%3Apage_insights.%7B%22106776630689061%22%3A%7B%22page_id%22%3A106776630689061%2C%22page_id_type%22%3A%22page%22%2C%22actor_id%22%3A595092624%2C%22attached_story%22%3A%7B%22page_id%22%3A106776630689061%2C%22page_id_type%22%3A%22page%22%2C%22actor_id%22%3A106776630689061%2C%22dm%22%3A%7B%22isShare%22%3A0%2C%22originalPostOwnerID%22%3A0%7D%2C%22psn%22%3A%22EntStatusCreationStory%22%2C%22post_context%22%3A%7B%22object_fbtype%22%3A266%2C%22publish_time%22%3A1636558092%2C%22story_name%22%3A%22EntStatusCreationStory%22%2C%22story_fbid%22%3A%5B641704030529649%5D%7D%2C%22role%22%3A1%2C%22sl%22%3A6%7D%2C%22dm%22%3A%7B%22isShare%22%3A0%2C%22originalPostOwnerID%22%3A0%7D%2C%22psn%22%3A%22EntGroupMallPostCreationStory%22%2C%22role%22%3A1%2C%22sl%22%3A6%2C%22targets%22%3A%5B%7B%22actor_id%22%3A595092624%2C%22page_id%22%3A106776630689061%2C%22post_id%22%3A641704030529649%2C%22role%22%3A1%2C%22share_id%22%3A0%7D%5D%7D%2C%22565416764074997%22%3A%7B%22page_id%22%3A565416764074997%2C%22page_id_type%22%3A%22group%22%2C%22actor_id%22%3A595092624%2C%22dm%22%3A%7B%22isShare%22%3A1%2C%22originalPostOwnerID%22%3A641704030529649%7D%2C%22psn%22%3A%22EntGroupMallPostCreationStory%22%2C%22post_context%22%3A%7B%22object_fbtype%22%3A657%2C%22publish_time%22%3A1636558177%2C%22story_name%22%3A%22EntGroupMallPostCreationStory%22%2C%22story_fbid%22%3A%5B937088780241125%5D%7D%2C%22role%22%3A1%2C%22sl%22%3A6%7D%7D&__tn__=C-R'}]",106776630689061,,641703993862986,['641703993862986'],False,2021-11-15 10:53:43.403980
936807103602626,"WASHINGTONPOST.COM
People â€˜unvaccinated by choiceâ€™ in Singapore no longer can receive free covid-19 treatment",,"WASHINGTONPOST.COM
People â€˜unvaccinated by choiceâ€™ in Singapore no longer can receive free covid-19 treatment",2021-11-10 13:43:40,1636523020,https://www.washingtonpost.com/wp-apps/imrs.php?src=https://arc-anglerfish-washpost-prod-washpost.s3.amazonaws.com/public/JCJOCLB4XII6ZPLP3I3W6RZQJY.jpg&w=1440,https://external.fsin4-1.fna.fbcdn.net/safe_image.php?d=AQEO_79iJcsbbyi-&w=476&h=249&url=https%3A%2F%2Fwww.washingtonpost.com%2Fwp-apps%2Fimrs.php%3Fsrc%3Dhttps%3A%2F%2Farc-anglerfish-washpost-prod-washpost.s3.amazonaws.com%2Fpublic%2FJCJOCLB4XII6ZPLP3I3W6RZQJY.jpg%26w%3D1440&cfs=1&jq=75&ext=jpg&_nc_oe=6f09e&_nc_sid=06c271&ccb=3-5&_nc_hash=AQG4Iq49Ohfr_1D-,['https://www.washingtonpost.com/wp-apps/imrs.php?src=https://arc-anglerfish-washpost-prod-washpost.s3.amazonaws.com/public/JCJOCLB4XII6ZPLP3I3W6RZQJY.jpg&w=1440'],[],['https://external.fsin4-1.fna.fbcdn.net/safe_image.php?d=AQEO_79iJcsbbyi-&w=476&h=249&url=https%3A%2F%2Fwww.washingtonpost.com%2Fwp-apps%2Fimrs.php%3Fsrc%3Dhttps%3A%2F%2Farc-anglerfish-washpost-prod-washpost.s3.amazonaws.com%2Fpublic%2FJCJOCLB4XII6ZPLP3I3W6RZQJY.jpg%26w%3D1440&cfs=1&jq=75&ext=jpg&_nc_oe=6f09e&_nc_sid=06c271&ccb=3-5&_nc_hash=AQG4Iq49Ohfr_1D-'],[None],,,,,,,,,,52,257,12,https://m.facebook.com/groups/sgopposition/permalink/936807103602626/,https://www.washingtonpost.com/world/2021/11/08/singapore-unvaccinated-medical-costs-health-care-covid-19/?fbclid=IwAR2ImLu-bqFVOk7TjqHqVGk20YN6n0RjWuu-nRKeyd-jdm_U4R41lAMbNlA,[],100002198590592,Moses Ling,https://facebook.com/moses.ling.5?groupid=565416764074997&refid=18&_ft_=qid.-7413845206675366131%3Amf_story_key.936807103602626%3Atop_level_post_id.936807103602626%3Atl_objid.936807103602626%3Acontent_owner_id_new.100002198590592%3Apage_id.565416764074997%3Asrc.22%3Astory_location.6%3Astory_attachment_style.share%3Afilter.GroupStoriesByActivityEntQuery%3Aott.AX82aO0esWd2s1gv%3Ainform_treatment.%7B%22936807103602626%22%3A%5B%7B%22category%22%3A%22Compass%22%2C%22rendering_type%22%3A%22post_label%22%2C%22session_id%22%3A%22APJd1IsramivZvfnqT4AInn%3A5cbeaf58-9533-4939-8abe-f9468c15c52e%22%7D%5D%7D%3Atds_flgs.3%3Apage_insights.%7B%22565416764074997%22%3A%7B%22page_id%22%3A565416764074997%2C%22page_id_type%22%3A%22group%22%2C%22actor_id%22%3A100002198590592%2C%22dm%22%3A%7B%22isShare%22%3A1%2C%22originalPostOwnerID%22%3A0%7D%2C%22psn%22%3A%22EntGroupMallPostCreationStory%22%2C%22post_context%22%3A%7B%22object_fbtype%22%3A657%2C%22publish_time%22%3A1636523020%2C%22story_name%22%3A%22EntGroupMallPostCreationStory%22%2C%22story_fbid%22%3A%5B936807103602626%5D%7D%2C%22role%22%3A1%2C%22sl%22%3A6%7D%7D&__tn__=C-R,False,,,,,,,True,,[],https://www.facebook.com/groups/sgopposition/permalink/936807103602626/,"{'like': 52, 'love': 3, 'haha': 18, 'wow': 3, 'care': 1, 'sad': 1, 'angry': 45}",123,"[{'name': 'link', 'link': '/story.php?story_fbid=4548971941852714&id=565416764074997&refid=18&_ft_=qid.-7413845206675366131%3Amf_story_key.936807103602626%3Atop_level_post_id.936807103602626%3Atl_objid.936807103602626%3Acontent_owner_id_new.100002198590592%3Apage_id.565416764074997%3Asrc.22%3Astory_location.6%3Astory_attachment_style.share%3Afilter.GroupStoriesByActivityEntQuery%3Aott.AX82aO0esWd2s1gv%3Ainform_treatment.%7B%22936807103602626%22%3A%5B%7B%22category%22%3A%22Compass%22%2C%22rendering_type%22%3A%22post_label%22%2C%22session_id%22%3A%22APJd1IsramivZvfnqT4AInn%3A5cbeaf58-9533-4939-8abe-f9468c15c52e%22%7D%5D%7D%3Atds_flgs.3%3Apage_insights.%7B%22565416764074997%22%3A%7B%22page_id%22%3A565416764074997%2C%22page_id_type%22%3A%22group%22%2C%22actor_id%22%3A100002198590592%2C%22dm%22%3A%7B%22isShare%22%3A1%2C%22originalPostOwnerID%22%3A0%7D%2C%22psn%22%3A%22EntGroupMallPostCreationStory%22%2C%22post_context%22%3A%7B%22object_fbtype%22%3A657%2C%22publish_time%22%3A1636523020%2C%22story_name%22%3A%22EntGroupMallPostCreationStory%22%2C%22story_fbid%22%3A%5B936807103602626%5D%7D%2C%22role%22%3A1%2C%22sl%22%3A6%7D%7D&__tn__=C-R'}]",565416764074997,,,[],False,2021-11-15 10:53:44.987515
939191586697511,"STRAITSTIMES.COM
Australia vaccine-mandate protesters compare state govt to Nazis",,"STRAITSTIMES.COM
Australia vaccine-mandate protesters compare state govt to Nazis",2021-11-14 07:51:39,1636847499,https://static.straitstimes.com.sg/s3fs-public/styles/x_large/public/articles/2021/11/13/aaaustralia1311.jpg?itok=KmLQCzF2,https://external.fsin4-1.fna.fbcdn.net/safe_image.php?d=AQG6Vaipr5w85yMs&w=476&h=249&url=https%3A%2F%2Fstatic.straitstimes.com.sg%2Fs3fs-public%2Fstyles%2Fx_large%2Fpublic%2Farticles%2F2021%2F11%2F13%2Faaaustralia1311.jpg%3Fitok%3DKmLQCzF2&cfs=1&jq=75&ext=jpg&_nc_oe=6f09e&_nc_sid=06c271&ccb=3-5&_nc_hash=AQG_fFFqIYqTpDLz,['https://static.straitstimes.com.sg/s3fs-public/styles/x_large/public/articles/2021/11/13/aaaustralia1311.jpg?itok=KmLQCzF2'],[],['https://external.fsin4-1.fna.fbcdn.net/safe_image.php?d=AQG6Vaipr5w85yMs&w=476&h=249&url=https%3A%2F%2Fstatic.straitstimes.com.sg%2Fs3fs-public%2Fstyles%2Fx_large%2Fpublic%2Farticles%2F2021%2F11%2F13%2Faaaustralia1311.jpg%3Fitok%3DKmLQCzF2&cfs=1&jq=75&ext=jpg&_nc_oe=6f09e&_nc_sid=06c271&ccb=3-5&_nc_hash=AQG_fFFqIYqTpDLz'],[None],,,,,,,,,,67,121,4,https://m.facebook.com/groups/sgopposition/permalink/939191586697511/,https://www.straitstimes.com/asia/australianz/australia-vaccine-mandate-protesters-compare-state-govt-to-nazis?&utm_source=facebook&utm_medium=social-media&utm_campaign=addtoany&fbclid=IwAR3NaHQ7e818anIlggYZGJC_vFbzvBj8NX_k2Dcnt4chIreeKBYqSUufM64,[],607344195,Leong Sze Hian,https://facebook.com/leong.hian?groupid=565416764074997&refid=18&_ft_=qid.-7413845206734940654%3Amf_story_key.939191586697511%3Atop_level_post_id.939191586697511%3Atl_objid.939191586697511%3Acontent_owner_id_new.607344195%3Aoriginal_content_id.10161708462089196%3Aoriginal_content_owner_id.607344195%3Apage_id.565416764074997%3Asrc.22%3Astory_location.6%3Astory_attachment_style.share%3Afilter.GroupStoriesByActivityEntQuery%3Aott.AX9hfxOiuBKGrKr0%3Ainform_treatment.%7B%22939191586697511%22%3A%5B%7B%22category%22%3A%22Compass%22%2C%22rendering_type%22%3A%22post_label%22%2C%22session_id%22%3A%22APJd1IsramivZvfnqT4AInn%3Ad758d5b1-6d36-466d-91fe-8c2a83fba205%22%7D%5D%7D%3Atds_flgs.3%3Apage_insights.%7B%22565416764074997%22%3A%7B%22page_id%22%3A565416764074997%2C%22page_id_type%22%3A%22group%22%2C%22actor_id%22%3A607344195%2C%22dm%22%3A%7B%22isShare%22%3A1%2C%22originalPostOwnerID%22%3A10161708462089196%7D%2C%22psn%22%3A%22EntGroupMallPostCreationStory%22%2C%22post_context%22%3A%7B%22object_fbtype%22%3A657%2C%22publish_time%22%3A1636847499%2C%22story_name%22%3A%22EntGroupMallPostCreationStory%22%2C%22story_fbid%22%3A%5B939191586697511%5D%7D%2C%22role%22%3A1%2C%22sl%22%3A6%7D%7D&__tn__=C-R,False,,,,,,,True,,[],https://www.facebook.com/groups/sgopposition/permalink/939191586697511/,"{'like': 67, 'love': 1, 'haha': 3, 'wow': 1}",72,"[{'name': 'link', 'link': '/story.php?story_fbid=10161708464489196&id=565416764074997&refid=18&_ft_=qid.-7413845206734940654%3Amf_story_key.939191586697511%3Atop_level_post_id.939191586697511%3Atl_objid.939191586697511%3Acontent_owner_id_new.607344195%3Aoriginal_content_id.10161708462089196%3Aoriginal_content_owner_id.607344195%3Apage_id.565416764074997%3Asrc.22%3Astory_location.6%3Astory_attachment_style.share%3Afilter.GroupStoriesByActivityEntQuery%3Aott.AX9hfxOiuBKGrKr0%3Ainform_treatment.%7B%22939191586697511%22%3A%5B%7B%22category%22%3A%22Compass%22%2C%22rendering_type%22%3A%22post_label%22%2C%22session_id%22%3A%22APJd1IsramivZvfnqT4AInn%3Ad758d5b1-6d36-466d-91fe-8c2a83fba205%22%7D%5D%7D%3Atds_flgs.3%3Apage_insights.%7B%22565416764074997%22%3A%7B%22page_id%22%3A565416764074997%2C%22page_id_type%22%3A%22group%22%2C%22actor_id%22%3A607344195%2C%22dm%22%3A%7B%22isShare%22%3A1%2C%22originalPostOwnerID%22%3A10161708462089196%7D%2C%22psn%22%3A%22EntGroupMallPostCreationStory%22%2C%22post_context%22%3A%7B%22object_fbtype%22%3A657%2C%22publish_time%22%3A1636847499%2C%22story_name%22%3A%22EntGroupMallPostCreationStory%22%2C%22story_fbid%22%3A%5B939191586697511%5D%7D%2C%22role%22%3A1%2C%22sl%22%3A6%7D%7D&__tn__=C-R'}]",565416764074997,,,[],False,2021-11-15 10:53:46.326540
939287740021229,"When I was a fresh graduate hunting for a job, the hiring manager told me that their ""main target market is in India""

Going out from the interview, I saw the entire company had 80% of people from one country! ðŸ¤¬ðŸ¤¬ðŸ¤¬

I have two family friends who were retrenched by CECA'ians for their own countryman.

CECA is very bad for our country. Vote no to CECA-\-\ and tell your friends!

George Leeâ€ŽCECA Research Group
Yesterday at 8:20 AM Â·

Why not say which country he is from? I would bet its CECA","When I was a fresh graduate hunting for a job, the hiring manager told me that their ""main target market is in India""

Going out from the interview, I saw the entire company had 80% of people from one country! ðŸ¤¬ðŸ¤¬ðŸ¤¬

I have two family friends who were retrenched by CECA'ians for their own countryman.

CECA is very bad for our country. Vote no to CECA-\-\ and tell your friends!","George Leeâ€ŽCECA Research Group
Yesterday at 8:20 AM Â·

Why not say which country he is from? I would bet its CECA",2021-11-14 11:57:17,1636862237,https://scontent.fsin4-1.fna.fbcdn.net/v/t39.30808-6/fr/cp0/e15/q65/256910505_2978954949025977_5222859547609718361_n.jpg?_nc_cat=111&ccb=1-5&_nc_sid=ca434c&efg=eyJpIjoidCJ9&_nc_ohc=e02hlD8kGOIAX8M6uO4&_nc_ht=scontent.fsin4-1.fna&oh=92750e2490a9b4fdbdbba5f26cfea42f&oe=61970704&manual_redirect=1,https://scontent.fsin4-1.fna.fbcdn.net/v/t39.30808-6/cp0/e15/q65/p320x320/256910505_2978954949025977_5222859547609718361_n.jpg?_nc_cat=111&ccb=1-5&_nc_sid=ca434c&efg=eyJpIjoidCJ9&_nc_ohc=e02hlD8kGOIAX8M6uO4&_nc_ht=scontent.fsin4-1.fna&oh=3b227f6f9b74793f5b884495c5183de6&oe=61961420,['https://scontent.fsin4-1.fna.fbcdn.net/v/t39.30808-6/fr/cp0/e15/q65/256910505_2978954949025977_5222859547609718361_n.jpg?_nc_cat=111&ccb=1-5&_nc_sid=ca434c&efg=eyJpIjoidCJ9&_nc_ohc=e02hlD8kGOIAX8M6uO4&_nc_ht=scontent.fsin4-1.fna&oh=92750e2490a9b4fdbdbba5f26cfea42f&oe=61970704&manual_redirect=1'],['May be an image of 1 person and text'],['https://scontent.fsin4-1.fna.fbcdn.net/v/t39.30808-6/cp0/e15/q65/p320x320/256910505_2978954949025977_5222859547609718361_n.jpg?_nc_cat=111&ccb=1-5&_nc_sid=ca434c&efg=eyJpIjoidCJ9&_nc_ohc=e02hlD8kGOIAX8M6uO4&_nc_ht=scontent.fsin4-1.fna&oh=3b227f6f9b74793f5b884495c5183de6&oe=61961420'],['May be an image of 1 person and text'],,,,,,,,,,96,67,43,https://m.facebook.com/groups/215192616939756/permalink/324447966014220/,,"[{'link': 'https://m.facebook.com/groups/sgopposition/permalink/939287740021229/?refid=18', 'text': 'More'}]",587341267,Joshua Loke,https://facebook.com/joshua.loke.96?groupid=565416764074997&refid=18&_ft_=qid.-7413845206614074622%3Amf_story_key.939287740021229%3Atop_level_post_id.939287740021229%3Atl_objid.939287740021229%3Acontent_owner_id_new.587341267%3Aoriginal_content_id.324447966014220%3Aoriginal_content_owner_id.100007345030717%3Apage_id.565416764074997%3Asrc.22%3Astory_location.6%3Aattached_story_attachment_style.photo%3Afilter.GroupStoriesByActivityEntQuery%3Aott.AX8lts7NkWVaeCLu%3Ashare_tracking_id.291594699566282%3Atds_flgs.3%3Apage_insights.%7B%22565416764074997%22%3A%7B%22page_id%22%3A565416764074997%2C%22page_id_type%22%3A%22group%22%2C%22actor_id%22%3A587341267%2C%22dm%22%3A%7B%22isShare%22%3A1%2C%22originalPostOwnerID%22%3A324447966014220%7D%2C%22psn%22%3A%22EntGroupMallPostCreationStory%22%2C%22post_context%22%3A%7B%22object_fbtype%22%3A657%2C%22publish_time%22%3A1636862237%2C%22story_name%22%3A%22EntGroupMallPostCreationStory%22%2C%22story_fbid%22%3A%5B939287740021229%5D%7D%2C%22role%22%3A1%2C%22sl%22%3A6%7D%2C%22215192616939756%22%3A%7B%22page_id%22%3A215192616939756%2C%22page_id_type%22%3A%22group%22%2C%22actor_id%22%3A587341267%2C%22attached_story%22%3A%7B%22page_id%22%3A215192616939756%2C%22page_id_type%22%3A%22group%22%2C%22actor_id%22%3A100007345030717%2C%22dm%22%3A%7B%22isShare%22%3A0%2C%22originalPostOwnerID%22%3A0%7D%2C%22psn%22%3A%22EntGroupMallPostCreationStory%22%2C%22post_context%22%3A%7B%22object_fbtype%22%3A657%2C%22publish_time%22%3A1636849247%2C%22story_name%22%3A%22EntGroupMallPostCreationStory%22%2C%22story_fbid%22%3A%5B324447966014220%5D%7D%2C%22role%22%3A1%2C%22sl%22%3A6%7D%2C%22dm%22%3A%7B%22isShare%22%3A0%2C%22originalPostOwnerID%22%3A0%7D%2C%22psn%22%3A%22EntGroupMallPostCreationStory%22%2C%22role%22%3A1%2C%22sl%22%3A6%7D%7D&__tn__=C-R,False,,,,,,,True,,[],https://www.facebook.com/groups/215192616939756/permalink/324447966014220/,"{'like': 96, 'haha': 4, 'wow': 3, 'sad': 5, 'angry': 60}",168,"[{'name': 'post', 'link': 'https://m.facebook.com/groups/215192616939756/permalink/324447966014220/?refid=18&_ft_=qid.-7413845206614074622%3Amf_story_key.939287740021229%3Atop_level_post_id.939287740021229%3Atl_objid.939287740021229%3Acontent_owner_id_new.587341267%3Aoriginal_content_id.324447966014220%3Aoriginal_content_owner_id.100007345030717%3Apage_id.565416764074997%3Asrc.22%3Astory_location.6%3Aattached_story_attachment_style.photo%3Afilter.GroupStoriesByActivityEntQuery%3Aott.AX8lts7NkWVaeCLu%3Ashare_tracking_id.291594699566282%3Atds_flgs.3%3Apage_insights.%7B%22565416764074997%22%3A%7B%22page_id%22%3A565416764074997%2C%22page_id_type%22%3A%22group%22%2C%22actor_id%22%3A587341267%2C%22dm%22%3A%7B%22isShare%22%3A1%2C%22originalPostOwnerID%22%3A324447966014220%7D%2C%22psn%22%3A%22EntGroupMallPostCreationStory%22%2C%22post_context%22%3A%7B%22object_fbtype%22%3A657%2C%22publish_time%22%3A1636862237%2C%22story_name%22%3A%22EntGroupMallPostCreationStory%22%2C%22story_fbid%22%3A%5B939287740021229%5D%7D%2C%22role%22%3A1%2C%22sl%22%3A6%7D%2C%22215192616939756%22%3A%7B%22page_id%22%3A215192616939756%2C%22page_id_type%22%3A%22group%22%2C%22actor_id%22%3A587341267%2C%22attached_story%22%3A%7B%22page_id%22%3A215192616939756%2C%22page_id_type%22%3A%22group%22%2C%22actor_id%22%3A100007345030717%2C%22dm%22%3A%7B%22isShare%22%3A0%2C%22originalPostOwnerID%22%3A0%7D%2C%22psn%22%3A%22EntGroupMallPostCreationStory%22%2C%22post_context%22%3A%7B%22object_fbtype%22%3A657%2C%22publish_time%22%3A1636849247%2C%22story_name%22%3A%22EntGroupMallPostCreationStory%22%2C%22story_fbid%22%3A%5B324447966014220%5D%7D%2C%22role%22%3A1%2C%22sl%22%3A6%7D%2C%22dm%22%3A%7B%22isShare%22%3A0%2C%22originalPostOwnerID%22%3A0%7D%2C%22psn%22%3A%22EntGroupMallPostCreationStory%22%2C%22role%22%3A1%2C%22sl%22%3A6%7D%7D&__tn__=C-R'}]",565416764074997,,2978954905692648,['2978954905692648'],False,2021-11-15 10:53:49.107538
907111779905492,"I think in year 2090, Malaysia would become the world's economic superpower, Indonesia would be free from corruption, Bangladesh astronauts would have reached the moon, but Singapore would still be deciding on whether 2 or 5 people to dine in.","I think in year 2090, Malaysia would become the world's economic superpower, Indonesia would be free from corruption, Bangladesh astronauts would have reached the moon, but Singapore would still be deciding on whether 2 or 5 people to dine in.",,2021-09-25 13:15:31,1632546931,,,[],[],[],[],,,,,,,,,,229,172,63,https://m.facebook.com/groups/sgopposition/permalink/907111779905492/,,[],100003093699910,Jason Ng,https://facebook.com/jason.n.ta?groupid=565416764074997&refid=18&_ft_=qid.-7413845206628739602%3Amf_story_key.907111779905492%3Atop_level_post_id.907111779905492%3Atl_objid.907111779905492%3Acontent_owner_id_new.100003093699910%3Apage_id.565416764074997%3Asrc.22%3Astory_location.6%3Afilter.GroupStoriesByActivityEntQuery%3Aott.AX-mU9G7-_5i-Mu-%3Atds_flgs.3%3Apage_insights.%7B%22565416764074997%22%3A%7B%22page_id%22%3A565416764074997%2C%22page_id_type%22%3A%22group%22%2C%22actor_id%22%3A100003093699910%2C%22dm%22%3A%7B%22isShare%22%3A0%2C%22originalPostOwnerID%22%3A0%7D%2C%22psn%22%3A%22EntGroupMallPostCreationStory%22%2C%22post_context%22%3A%7B%22object_fbtype%22%3A657%2C%22publish_time%22%3A1632546931%2C%22story_name%22%3A%22EntGroupMallPostCreationStory%22%2C%22story_fbid%22%3A%5B907111779905492%5D%7D%2C%22role%22%3A1%2C%22sl%22%3A6%7D%7D&__tn__=C-R,False,,,,,,,True,,[],https://www.facebook.com/groups/sgopposition/permalink/907111779905492/,"{'like': 229, 'love': 4, 'haha': 540, 'wow': 5, 'care': 1, 'sad': 3}",782,"[{'name': 'SG Opposition', 'link': 'https://m.facebook.com/groups/sgopposition/?refid=18&_ft_=qid.-7413845206628739602%3Amf_story_key.907111779905492%3Atop_level_post_id.907111779905492%3Atl_objid.907111779905492%3Acontent_owner_id_new.100003093699910%3Apage_id.565416764074997%3Asrc.22%3Astory_location.6%3Afilter.GroupStoriesByActivityEntQuery%3Aott.AX-mU9G7-_5i-Mu-%3Atds_flgs.3%3Apage_insights.%7B%22565416764074997%22%3A%7B%22page_id%22%3A565416764074997%2C%22page_id_type%22%3A%22group%22%2C%22actor_id%22%3A100003093699910%2C%22dm%22%3A%7B%22isShare%22%3A0%2C%22originalPostOwnerID%22%3A0%7D%2C%22psn%22%3A%22EntGroupMallPostCreationStory%22%2C%22post_context%22%3A%7B%22object_fbtype%22%3A657%2C%22publish_time%22%3A1632546931%2C%22story_name%22%3A%22EntGroupMallPostCreationStory%22%2C%22story_fbid%22%3A%5B907111779905492%5D%7D%2C%22role%22%3A1%2C%22sl%22%3A6%7D%7D&__tn__=C-R'}]",565416764074997,,,[],False,2021-11-15 10:53:50.460788
939496510000352,"When I am young, my mama always said, when you are a big big boss, you can decide on many things!

So true hor!

Gowhereforsg
14 hrs Â·

Life of many Singaporean and those staying in Singapore.

When you are the 'big boss' you get to decide many things including your own fate.

Else LLST just follow through.","When I am young, my mama always said, when you are a big big boss, you can decide on many things!

So true hor!","Gowhereforsg
14 hrs Â·

Life of many Singaporean and those staying in Singapore.

When you are the 'big boss' you get to decide many things including your own fate.

Else LLST just follow through.",2021-11-14 20:13:29,1636892009,https://scontent.fsin4-1.fna.fbcdn.net/v/t39.30808-6/fr/cp0/e15/q65/257343780_221966433380062_4776458771481025551_n.jpg?_nc_cat=103&ccb=1-5&_nc_sid=110474&efg=eyJpIjoidCJ9&_nc_ohc=R8sLFIVcMMgAX_qO9k0&_nc_ht=scontent.fsin4-1.fna&oh=88c2a147114fe2354eb77c27effeb64a&oe=6196364F,https://scontent.fsin4-1.fna.fbcdn.net/v/t39.30808-6/cp0/e15/q65/p320x320/257343780_221966433380062_4776458771481025551_n.jpg?_nc_cat=103&ccb=1-5&_nc_sid=110474&efg=eyJpIjoidCJ9&_nc_ohc=R8sLFIVcMMgAX_qO9k0&_nc_ht=scontent.fsin4-1.fna&oh=a36624cc5252969bc7f188b9fb7106f6&oe=6197603C,['https://scontent.fsin4-1.fna.fbcdn.net/v/t39.30808-6/fr/cp0/e15/q65/257343780_221966433380062_4776458771481025551_n.jpg?_nc_cat=103&ccb=1-5&_nc_sid=110474&efg=eyJpIjoidCJ9&_nc_ohc=R8sLFIVcMMgAX_qO9k0&_nc_ht=scontent.fsin4-1.fna&oh=88c2a147114fe2354eb77c27effeb64a&oe=6196364F'],"[""May be an image of 2 people and text that says 'Vaccinated GWF FB: Gowhereforsg 'Fully vaccinated status expires after 365 days, MOH to review this as more data becomes available Lee, the current prime minister, had previously said toretire but ater indicated he would delay to see Singapore through the Covid-19 crisis. I decide my own 'expiry date' :Gowhereforsg Gowher'""]",['https://scontent.fsin4-1.fna.fbcdn.net/v/t39.30808-6/cp0/e15/q65/p320x320/257343780_221966433380062_4776458771481025551_n.jpg?_nc_cat=103&ccb=1-5&_nc_sid=110474&efg=eyJpIjoidCJ9&_nc_ohc=R8sLFIVcMMgAX_qO9k0&_nc_ht=scontent.fsin4-1.fna&oh=a36624cc5252969bc7f188b9fb7106f6&oe=6197603C'],"[""May be an image of 2 people and text that says 'Vaccinated GWF FB: Gowhereforsg 'Fully vaccinated status expires after 365 days, MOH to review this as more data becomes available Lee, the current prime minister, had previously said toretire but ater indicated he would delay to see Singapore through the Covid-19 crisis. I decide my own 'expiry date' :Gowhereforsg Gowher'""]",,,,,,,,,,9,20,0,https://m.facebook.com/groups/sgopposition/permalink/939496510000352/,,[],100057969652924,AL Ho,https://facebook.com/al.ho.3538?groupid=565416764074997&refid=18&_ft_=qid.-7413845206496492372%3Amf_story_key.939496510000352%3Atop_level_post_id.939496510000352%3Atl_objid.939496510000352%3Acontent_owner_id_new.100057969652924%3Aoriginal_content_id.221966466713392%3Aoriginal_content_owner_id.104781881765185%3Apage_id.104781881765185%3Asrc.22%3Astory_location.6%3Aattached_story_attachment_style.photo%3Afilter.GroupStoriesByActivityEntQuery%3Aott.AX9HUaOH_6_Gy0Sy%3Ainform_treatment.%7B%22939496510000352%22%3A%5B%7B%22category%22%3A%22Compass%22%2C%22rendering_type%22%3A%22post_label%22%2C%22session_id%22%3A%22APJd1IsramivZvfnqT4AInn%3A26afd88e-0113-43d8-ae41-f1a8462c4273%22%7D%5D%7D%3Atds_flgs.3%3Apage_insights.%7B%22104781881765185%22%3A%7B%22page_id%22%3A104781881765185%2C%22page_id_type%22%3A%22page%22%2C%22actor_id%22%3A100057969652924%2C%22attached_story%22%3A%7B%22page_id%22%3A104781881765185%2C%22page_id_type%22%3A%22page%22%2C%22actor_id%22%3A104781881765185%2C%22dm%22%3A%7B%22isShare%22%3A0%2C%22originalPostOwnerID%22%3A0%7D%2C%22psn%22%3A%22EntStatusCreationStory%22%2C%22post_context%22%3A%7B%22object_fbtype%22%3A266%2C%22publish_time%22%3A1636891264%2C%22story_name%22%3A%22EntStatusCreationStory%22%2C%22story_fbid%22%3A%5B221966466713392%5D%7D%2C%22role%22%3A1%2C%22sl%22%3A6%7D%2C%22dm%22%3A%7B%22isShare%22%3A0%2C%22originalPostOwnerID%22%3A0%7D%2C%22psn%22%3A%22EntGroupMallPostCreationStory%22%2C%22role%22%3A1%2C%22sl%22%3A6%2C%22targets%22%3A%5B%7B%22actor_id%22%3A100057969652924%2C%22page_id%22%3A104781881765185%2C%22post_id%22%3A221966466713392%2C%22role%22%3A1%2C%22share_id%22%3A0%7D%5D%7D%2C%22565416764074997%22%3A%7B%22page_id%22%3A565416764074997%2C%22page_id_type%22%3A%22group%22%2C%22actor_id%22%3A100057969652924%2C%22dm%22%3A%7B%22isShare%22%3A1%2C%22originalPostOwnerID%22%3A221966466713392%7D%2C%22psn%22%3A%22EntGroupMallPostCreationStory%22%2C%22post_context%22%3A%7B%22object_fbtype%22%3A657%2C%22publish_time%22%3A1636892009%2C%22story_name%22%3A%22EntGroupMallPostCreationStory%22%2C%22story_fbid%22%3A%5B939496510000352%5D%7D%2C%22role%22%3A1%2C%22sl%22%3A6%7D%7D&__tn__=C-R,False,,221966466713392,2021-11-14 20:53:52,104781881765185,Gowhereforsg,https://facebook.com/story.php?story_fbid=221966466713392&id=104781881765185,True,,[],https://www.facebook.com/groups/sgopposition/permalink/939496510000352/,"{'like': 9, 'haha': 18, 'wow': 1, 'angry': 4}",32,"[{'name': 'post', 'link': '/story.php?story_fbid=221966466713392&id=104781881765185&refid=18&_ft_=qid.-7413845206496492372%3Amf_story_key.939496510000352%3Atop_level_post_id.939496510000352%3Atl_objid.939496510000352%3Acontent_owner_id_new.100057969652924%3Aoriginal_content_id.221966466713392%3Aoriginal_content_owner_id.104781881765185%3Apage_id.104781881765185%3Asrc.22%3Astory_location.6%3Aattached_story_attachment_style.photo%3Afilter.GroupStoriesByActivityEntQuery%3Aott.AX9HUaOH_6_Gy0Sy%3Ainform_treatment.%7B%22939496510000352%22%3A%5B%7B%22category%22%3A%22Compass%22%2C%22rendering_type%22%3A%22post_label%22%2C%22session_id%22%3A%22APJd1IsramivZvfnqT4AInn%3A26afd88e-0113-43d8-ae41-f1a8462c4273%22%7D%5D%7D%3Atds_flgs.3%3Apage_insights.%7B%22104781881765185%22%3A%7B%22page_id%22%3A104781881765185%2C%22page_id_type%22%3A%22page%22%2C%22actor_id%22%3A100057969652924%2C%22attached_story%22%3A%7B%22page_id%22%3A104781881765185%2C%22page_id_type%22%3A%22page%22%2C%22actor_id%22%3A104781881765185%2C%22dm%22%3A%7B%22isShare%22%3A0%2C%22originalPostOwnerID%22%3A0%7D%2C%22psn%22%3A%22EntStatusCreationStory%22%2C%22post_context%22%3A%7B%22object_fbtype%22%3A266%2C%22publish_time%22%3A1636891264%2C%22story_name%22%3A%22EntStatusCreationStory%22%2C%22story_fbid%22%3A%5B221966466713392%5D%7D%2C%22role%22%3A1%2C%22sl%22%3A6%7D%2C%22dm%22%3A%7B%22isShare%22%3A0%2C%22originalPostOwnerID%22%3A0%7D%2C%22psn%22%3A%22EntGroupMallPostCreationStory%22%2C%22role%22%3A1%2C%22sl%22%3A6%2C%22targets%22%3A%5B%7B%22actor_id%22%3A100057969652924%2C%22page_id%22%3A104781881765185%2C%22post_id%22%3A221966466713392%2C%22role%22%3A1%2C%22share_id%22%3A0%7D%5D%7D%2C%22565416764074997%22%3A%7B%22page_id%22%3A565416764074997%2C%22page_id_type%22%3A%22group%22%2C%22actor_id%22%3A100057969652924%2C%22dm%22%3A%7B%22isShare%22%3A1%2C%22originalPostOwnerID%22%3A221966466713392%7D%2C%22psn%22%3A%22EntGroupMallPostCreationStory%22%2C%22post_context%22%3A%7B%22object_fbtype%22%3A657%2C%22publish_time%22%3A1636892009%2C%22story_name%22%3A%22EntGroupMallPostCreationStory%22%2C%22story_fbid%22%3A%5B939496510000352%5D%7D%2C%22role%22%3A1%2C%22sl%22%3A6%7D%7D&__tn__=C-R'}]",104781881765185,,221966440046728,['221966440046728'],False,2021-11-15 10:53:52.849499
912926869323983,"Tyranny occurs when absolute power is granted to a ruler...
In a tyrannical government, the ruler becomes corrupt and uses his power to further his own interests instead of working for the common good of the people...
The rule of law is the principle that no one is exempt from the law, even those who are in a position of power...
So whatever legislation is passed, no ruler in power can be exempted from the ultimate rule of law...
Even if you happen to be the minister of law.....!

#WhatTheFICA
#TyrannyInTheNameOfLaw
#RuleOfLawNotRuleByLaw","Tyranny occurs when absolute power is granted to a ruler...
In a tyrannical government, the ruler becomes corrupt and uses his power to further his own interests instead of working for the common good of the people...
The rule of law is the principle that no one is exempt from the law, even those who are in a position of power...
So whatever legislation is passed, no ruler in power can be exempted from the ultimate rule of law...
Even if you happen to be the minister of law.....!

#WhatTheFICA
#TyrannyInTheNameOfLaw
#RuleOfLawNotRuleByLaw",,2021-10-05 07:43:53,1633391033,https://scontent.fsin4-1.fna.fbcdn.net/v/t39.30808-6/fr/cp0/e15/q65/240201405_10223078358005543_4153373267999404910_n.jpg?_nc_cat=102&ccb=1-5&_nc_sid=ca434c&efg=eyJpIjoidCJ9&_nc_ohc=Z-sQ2zq--o8AX_SoyIp&_nc_ht=scontent.fsin4-1.fna&oh=9ee7a81cdaccbf44bed6062ddce428f2&oe=6196BF48&manual_redirect=1,https://scontent.fsin4-1.fna.fbcdn.net/v/t39.30808-6/cp0/e15/q65/s480x480/240201405_10223078358005543_4153373267999404910_n.jpg?_nc_cat=102&ccb=1-5&_nc_sid=ca434c&efg=eyJpIjoidCJ9&_nc_ohc=Z-sQ2zq-\-\o8AX_SoyIp&_nc_ht=scontent.fsin4-1.fna&oh=51bf1647122b9097a23941a2cc7f6eb9&oe=61969D1A,['https://scontent.fsin4-1.fna.fbcdn.net/v/t39.30808-6/fr/cp0/e15/q65/240201405_10223078358005543_4153373267999404910_n.jpg?_nc_cat=102&ccb=1-5&_nc_sid=ca434c&efg=eyJpIjoidCJ9&_nc_ohc=Z-sQ2zq--o8AX_SoyIp&_nc_ht=scontent.fsin4-1.fna&oh=9ee7a81cdaccbf44bed6062ddce428f2&oe=6196BF48&manual_redirect=1'],"[""May be an image of one or more people, suit and text that says 'gettyimagesÂ® Bloomberg 143312427'""]",['https://scontent.fsin4-1.fna.fbcdn.net/v/t39.30808-6/cp0/e15/q65/s480x480/240201405_10223078358005543_4153373267999404910_n.jpg?_nc_cat=102&ccb=1-5&_nc_sid=ca434c&efg=eyJpIjoidCJ9&_nc_ohc=Z-sQ2zq-\\-\\o8AX_SoyIp&_nc_ht=scontent.fsin4-1.fna&oh=51bf1647122b9097a23941a2cc7f6eb9&oe=61969D1A'],"[""May be an image of one or more people, suit and text that says 'gettyimagesÂ® Bloomberg 143312427'""]",,,,,,,,,,92,51,35,https://m.facebook.com/groups/sgopposition/permalink/912926869323983/,,"[{'link': 'https://m.facebook.com/groups/sgopposition/permalink/912926869323983/?refid=18', 'text': 'More'}, {'link': '/hashtag/whatthefica?refid=18&_ft_=qid.-7413845206643809601%3Amf_story_key.912926869323983%3Atop_level_post_id.912926869323983%3Atl_objid.912926869323983%3Acontent_owner_id_new.1178720274%3Apage_id.565416764074997%3Asrc.22%3Astory_location.6%3Astory_attachment_style.photo%3Afilter.GroupStoriesByActivityEntQuery%3Aott.AX9LljeoOexWQc0r%3Atds_flgs.3%3Apage_insights.%7B%22565416764074997%22%3A%7B%22page_id%22%3A565416764074997%2C%22page_id_type%22%3A%22group%22%2C%22actor_id%22%3A1178720274%2C%22dm%22%3A%7B%22isShare%22%3A0%2C%22originalPostOwnerID%22%3A0%7D%2C%22psn%22%3A%22EntGroupMallPostCreationStory%22%2C%22post_context%22%3A%7B%22object_fbtype%22%3A657%2C%22publish_time%22%3A1633391033%2C%22story_name%22%3A%22EntGroupMallPostCreationStory%22%2C%22story_fbid%22%3A%5B912926869323983%5D%7D%2C%22role%22%3A1%2C%22sl%22%3A6%7D%7D&__tn__=%2As-R', 'text': '#WhatTheFICA'}, {'link': '/hashtag/tyrannyinthenameoflaw?refid=18&_ft_=qid.-7413845206643809601%3Amf_story_key.912926869323983%3Atop_level_post_id.912926869323983%3Atl_objid.912926869323983%3Acontent_owner_id_new.1178720274%3Apage_id.565416764074997%3Asrc.22%3Astory_location.6%3Astory_attachment_style.photo%3Afilter.GroupStoriesByActivityEntQuery%3Aott.AX9LljeoOexWQc0r%3Atds_flgs.3%3Apage_insights.%7B%22565416764074997%22%3A%7B%22page_id%22%3A565416764074997%2C%22page_id_type%22%3A%22group%22%2C%22actor_id%22%3A1178720274%2C%22dm%22%3A%7B%22isShare%22%3A0%2C%22originalPostOwnerID%22%3A0%7D%2C%22psn%22%3A%22EntGroupMallPostCreationStory%22%2C%22post_context%22%3A%7B%22object_fbtype%22%3A657%2C%22publish_time%22%3A1633391033%2C%22story_name%22%3A%22EntGroupMallPostCreationStory%22%2C%22story_fbid%22%3A%5B912926869323983%5D%7D%2C%22role%22%3A1%2C%22sl%22%3A6%7D%7D&__tn__=%2As-R', 'text': '#TyrannyInTheNameOfLaw'}, {'link': '/hashtag/ruleoflawnotrulebylaw?refid=18&_ft_=qid.-7413845206643809601%3Amf_story_key.912926869323983%3Atop_level_post_id.912926869323983%3Atl_objid.912926869323983%3Acontent_owner_id_new.1178720274%3Apage_id.565416764074997%3Asrc.22%3Astory_location.6%3Astory_attachment_style.photo%3Afilter.GroupStoriesByActivityEntQuery%3Aott.AX9LljeoOexWQc0r%3Atds_flgs.3%3Apage_insights.%7B%22565416764074997%22%3A%7B%22page_id%22%3A565416764074997%2C%22page_id_type%22%3A%22group%22%2C%22actor_id%22%3A1178720274%2C%22dm%22%3A%7B%22isShare%22%3A0%2C%22originalPostOwnerID%22%3A0%7D%2C%22psn%22%3A%22EntGroupMallPostCreationStory%22%2C%22post_context%22%3A%7B%22object_fbtype%22%3A657%2C%22publish_time%22%3A1633391033%2C%22story_name%22%3A%22EntGroupMallPostCreationStory%22%2C%22story_fbid%22%3A%5B912926869323983%5D%7D%2C%22role%22%3A1%2C%22sl%22%3A6%7D%7D&__tn__=%2As-R', 'text': '#RuleOfLawNotRuleByLaw'}]",1178720274,Constance Chew,https://facebook.com/constance.chew?groupid=565416764074997&refid=18&_ft_=qid.-7413845206643809601%3Amf_story_key.912926869323983%3Atop_level_post_id.912926869323983%3Atl_objid.912926869323983%3Acontent_owner_id_new.1178720274%3Apage_id.565416764074997%3Asrc.22%3Astory_location.6%3Astory_attachment_style.photo%3Afilter.GroupStoriesByActivityEntQuery%3Aott.AX9LljeoOexWQc0r%3Atds_flgs.3%3Apage_insights.%7B%22565416764074997%22%3A%7B%22page_id%22%3A565416764074997%2C%22page_id_type%22%3A%22group%22%2C%22actor_id%22%3A1178720274%2C%22dm%22%3A%7B%22isShare%22%3A0%2C%22originalPostOwnerID%22%3A0%7D%2C%22psn%22%3A%22EntGroupMallPostCreationStory%22%2C%22post_context%22%3A%7B%22object_fbtype%22%3A657%2C%22publish_time%22%3A1633391033%2C%22story_name%22%3A%22EntGroupMallPostCreationStory%22%2C%22story_fbid%22%3A%5B912926869323983%5D%7D%2C%22role%22%3A1%2C%22sl%22%3A6%7D%7D&__tn__=C-R,False,,,,,,,True,,[],https://www.facebook.com/groups/sgopposition/permalink/912926869323983/,"{'like': 92, 'haha': 8, 'wow': 1, 'sad': 1, 'angry': 24}",126,"[{'name': 'SG Opposition', 'link': 'https://m.facebook.com/groups/sgopposition/?refid=18&_ft_=qid.-7413845206643809601%3Amf_story_key.912926869323983%3Atop_level_post_id.912926869323983%3Atl_objid.912926869323983%3Acontent_owner_id_new.1178720274%3Apage_id.565416764074997%3Asrc.22%3Astory_location.6%3Astory_attachment_style.photo%3Afilter.GroupStoriesByActivityEntQuery%3Aott.AX9LljeoOexWQc0r%3Atds_flgs.3%3Apage_insights.%7B%22565416764074997%22%3A%7B%22page_id%22%3A565416764074997%2C%22page_id_type%22%3A%22group%22%2C%22actor_id%22%3A1178720274%2C%22dm%22%3A%7B%22isShare%22%3A0%2C%22originalPostOwnerID%22%3A0%7D%2C%22psn%22%3A%22EntGroupMallPostCreationStory%22%2C%22post_context%22%3A%7B%22object_fbtype%22%3A657%2C%22publish_time%22%3A1633391033%2C%22story_name%22%3A%22EntGroupMallPostCreationStory%22%2C%22story_fbid%22%3A%5B912926869323983%5D%7D%2C%22role%22%3A1%2C%22sl%22%3A6%7D%7D&__tn__=C-R'}]",565416764074997,,10223078358045544,['10223078358045544'],False,2021-11-15 10:53:55.815207
939778703305466,"COVID 19 Task Force and MOH, NEA ready for ""Living with COVID"" in Sep 2021 !?

Serious or not !?

Then why the sudden rush to pilot this, pilot that !?

Not ready, say not ready, don't tell so many stories and give so many excuses !?

If these people working in MNCs or overseas listed companies, long tio sack or 0 bonus for many years liao !?

Pilot scheme allows undertakers to handle Covid-19-related deaths at deceasedâ€™s home

TODAYONLINE.COM
Pilot scheme allows undertakers to handle Covid-19-related deaths at deceasedâ€™s home","COVID 19 Task Force and MOH, NEA ready for ""Living with COVID"" in Sep 2021 !?

Serious or not !?

Then why the sudden rush to pilot this, pilot that !?

Not ready, say not ready, don't tell so many stories and give so many excuses !?

If these people working in MNCs or overseas listed companies, long tio sack or 0 bonus for many years liao !?

Pilot scheme allows undertakers to handle Covid-19-related deaths at deceasedâ€™s home","TODAYONLINE.COM
Pilot scheme allows undertakers to handle Covid-19-related deaths at deceasedâ€™s home",2021-11-15 08:06:51,1636934811,https://www.todayonline.com/sites/default/files/styles/new_app_article_detail/public/photos/43_images/funeral-casket-death-mayron-oliveira-unsplash.jpg?itok=LErBr8n-,https://external.fsin4-1.fna.fbcdn.net/safe_image.php?d=AQEdczGgYgYUP2-S&w=476&h=249&url=https%3A%2F%2Fwww.todayonline.com%2Fsites%2Fdefault%2Ffiles%2Fstyles%2Fnew_app_article_detail%2Fpublic%2Fphotos%2F43_images%2Ffuneral-casket-death-mayron-oliveira-unsplash.jpg%3Fitok%3DLErBr8n-&cfs=1&jq=75&ext=jpg&_nc_oe=6f09e&_nc_sid=06c271&ccb=3-5&_nc_hash=AQEm4OwqFjYV6ekQ,['https://www.todayonline.com/sites/default/files/styles/new_app_article_detail/public/photos/43_images/funeral-casket-death-mayron-oliveira-unsplash.jpg?itok=LErBr8n-'],[],['https://external.fsin4-1.fna.fbcdn.net/safe_image.php?d=AQEdczGgYgYUP2-S&w=476&h=249&url=https%3A%2F%2Fwww.todayonline.com%2Fsites%2Fdefault%2Ffiles%2Fstyles%2Fnew_app_article_detail%2Fpublic%2Fphotos%2F43_images%2Ffuneral-casket-death-mayron-oliveira-unsplash.jpg%3Fitok%3DLErBr8n-&cfs=1&jq=75&ext=jpg&_nc_oe=6f09e&_nc_sid=06c271&ccb=3-5&_nc_hash=AQEm4OwqFjYV6ekQ'],[None],,,,,,,,,,2,6,1,https://m.facebook.com/groups/sgopposition/permalink/939778703305466/,https://bit.ly/3F9hIsO?fbclid=IwAR3VPig5wSj-gpS5Lvned9Y7ncYCkO1cetJ8ypYbdvBo4a2P4XDGhtuR1Tg,"[{'link': 'https://m.facebook.com/groups/sgopposition/permalink/939778703305466/?refid=18', 'text': 'More'}]",100010999269751,è¨±éš†è²´,https://facebook.com/profile.php?id=100010999269751&groupid=565416764074997&refid=18&_ft_=qid.-7413845206602722365%3Amf_story_key.939778703305466%3Atop_level_post_id.939778703305466%3Atl_objid.939778703305466%3Acontent_owner_id_new.100010999269751%3Apage_id.565416764074997%3Asrc.22%3Astory_location.6%3Astory_attachment_style.share%3Afilter.GroupStoriesByActivityEntQuery%3Aott.AX_LIFkeFkYsfity%3Atds_flgs.3%3Apage_insights.%7B%22565416764074997%22%3A%7B%22page_id%22%3A565416764074997%2C%22page_id_type%22%3A%22group%22%2C%22actor_id%22%3A100010999269751%2C%22dm%22%3A%7B%22isShare%22%3A1%2C%22originalPostOwnerID%22%3A0%7D%2C%22psn%22%3A%22EntGroupMallPostCreationStory%22%2C%22post_context%22%3A%7B%22object_fbtype%22%3A657%2C%22publish_time%22%3A1636934811%2C%22story_name%22%3A%22EntGroupMallPostCreationStory%22%2C%22story_fbid%22%3A%5B939778703305466%5D%7D%2C%22role%22%3A1%2C%22sl%22%3A6%7D%7D&__tn__=C-R,False,,,,,,,True,,[],https://www.facebook.com/groups/sgopposition/permalink/939778703305466/,"{'like': 2, 'sad': 1, 'angry': 5}",8,"[{'name': 'link', 'link': '/story.php?story_fbid=1524645221245439&id=565416764074997&refid=18&_ft_=qid.-7413845206602722365%3Amf_story_key.939778703305466%3Atop_level_post_id.939778703305466%3Atl_objid.939778703305466%3Acontent_owner_id_new.100010999269751%3Apage_id.565416764074997%3Asrc.22%3Astory_location.6%3Astory_attachment_style.share%3Afilter.GroupStoriesByActivityEntQuery%3Aott.AX_LIFkeFkYsfity%3Atds_flgs.3%3Apage_insights.%7B%22565416764074997%22%3A%7B%22page_id%22%3A565416764074997%2C%22page_id_type%22%3A%22group%22%2C%22actor_id%22%3A100010999269751%2C%22dm%22%3A%7B%22isShare%22%3A1%2C%22originalPostOwnerID%22%3A0%7D%2C%22psn%22%3A%22EntGroupMallPostCreationStory%22%2C%22post_context%22%3A%7B%22object_fbtype%22%3A657%2C%22publish_time%22%3A1636934811%2C%22story_name%22%3A%22EntGroupMallPostCreationStory%22%2C%22story_fbid%22%3A%5B939778703305466%5D%7D%2C%22role%22%3A1%2C%22sl%22%3A6%7D%7D&__tn__=C-R'}]",565416764074997,,,[],False,2021-11-15 10:53:56.914182
938839460066057,"Leong Sze Hian
November 13 at 7:38 PM Â·

Breaking news: ART test kits $2.24 in Malaysia vs $8-13 in S'pore?

(ST, Nov 13) ""In Singapore, the prices of the self-test kits range between $8 and $13 each, with the price per kit lower for larger packs.

Over in Malaysia, in a bid to encourage regular self-testing, the government had gradually reduced the prices of test kits to make them more affordable for the public.

The test kits there are available for as low as RM6.90 (S$2.24) a unit and are sold in supermarkets, convenience stores and petrol stations across Malaysia.""",,"Leong Sze Hian
November 13 at 7:38 PM Â·

Breaking news: ART test kits $2.24 in Malaysia vs $8-13 in S'pore?

(ST, Nov 13) ""In Singapore, the prices of the self-test kits range between $8 and $13 each, with the price per kit lower for larger packs.

Over in Malaysia, in a bid to encourage regular self-testing, the government had gradually reduced the prices of test kits to make them more affordable for the public.

The test kits there are available for as low as RM6.90 (S$2.24) a unit and are sold in supermarkets, convenience stores and petrol stations across Malaysia.""",2021-11-13 19:39:56,1636803596,,,[],[],[],[],,,,,,,,,,73,64,24,https://m.facebook.com/groups/sgopposition/permalink/938839460066057/,,[],607344195,Leong Sze Hian,https://facebook.com/leong.hian?groupid=565416764074997&refid=18&_ft_=qid.-7413845206642151399%3Amf_story_key.938839460066057%3Atop_level_post_id.938839460066057%3Atl_objid.938839460066057%3Acontent_owner_id_new.607344195%3Aoriginal_content_id.10161707034794196%3Aoriginal_content_owner_id.607344195%3Apage_id.565416764074997%3Asrc.22%3Astory_location.6%3Afilter.GroupStoriesByActivityEntQuery%3Aott.AX_J8wX1JpPZWnoA%3Atds_flgs.3%3Apage_insights.%7B%22565416764074997%22%3A%7B%22page_id%22%3A565416764074997%2C%22page_id_type%22%3A%22group%22%2C%22actor_id%22%3A607344195%2C%22dm%22%3A%7B%22isShare%22%3A1%2C%22originalPostOwnerID%22%3A10161707034794196%7D%2C%22psn%22%3A%22EntGroupMallPostCreationStory%22%2C%22post_context%22%3A%7B%22object_fbtype%22%3A657%2C%22publish_time%22%3A1636803596%2C%22story_name%22%3A%22EntGroupMallPostCreationStory%22%2C%22story_fbid%22%3A%5B938839460066057%5D%7D%2C%22role%22%3A1%2C%22sl%22%3A6%7D%7D&__tn__=C-R,False,,10161707034794196,2021-11-13 19:38:00,607344195,Leong Sze Hian,https://facebook.com/story.php?story_fbid=10161707034794196&id=607344195,True,,[],https://www.facebook.com/groups/sgopposition/permalink/938839460066057/,"{'like': 73, 'love': 1, 'haha': 4, 'wow': 26, 'sad': 4, 'angry': 36}",144,"[{'name': 'post', 'link': '/story.php?story_fbid=10161707034794196&id=607344195&refid=18&_ft_=qid.-7413845206642151399%3Amf_story_key.938839460066057%3Atop_level_post_id.938839460066057%3Atl_objid.938839460066057%3Acontent_owner_id_new.607344195%3Aoriginal_content_id.10161707034794196%3Aoriginal_content_owner_id.607344195%3Apage_id.565416764074997%3Asrc.22%3Astory_location.6%3Afilter.GroupStoriesByActivityEntQuery%3Aott.AX_J8wX1JpPZWnoA%3Atds_flgs.3%3Apage_insights.%7B%22565416764074997%22%3A%7B%22page_id%22%3A565416764074997%2C%22page_id_type%22%3A%22group%22%2C%22actor_id%22%3A607344195%2C%22dm%22%3A%7B%22isShare%22%3A1%2C%22originalPostOwnerID%22%3A10161707034794196%7D%2C%22psn%22%3A%22EntGroupMallPostCreationStory%22%2C%22post_context%22%3A%7B%22object_fbtype%22%3A657%2C%22publish_time%22%3A1636803596%2C%22story_name%22%3A%22EntGroupMallPostCreationStory%22%2C%22story_fbid%22%3A%5B938839460066057%5D%7D%2C%22role%22%3A1%2C%22sl%22%3A6%7D%7D&__tn__=C-R'}]",565416764074997,,,[],False,2021-11-15 10:53:58.483455
938647503418586,"Andrew Lee
November 13 at 7:26 AM Â·",,"Andrew Lee
November 13 at 7:26 AM Â·",2021-11-13 11:17:16,1636773436,,https://scontent.fsin4-1.fna.fbcdn.net/v/t15.5256-10/fr/cp0/e15/q65/254980874_447666630305360_5590760087152525568_n.jpg?_nc_cat=101&ccb=1-5&_nc_sid=ccf8b3&efg=eyJpIjoidCJ9&_nc_ohc=QkLfBUJi5tQAX_i5i0I&_nc_ht=scontent.fsin4-1.fna&oh=41b67f98d0c2ac10ebdd00e5a70cbbad&oe=6196A1BD,[],[],['https://scontent.fsin4-1.fna.fbcdn.net/v/t15.5256-10/fr/cp0/e15/q65/254980874_447666630305360_5590760087152525568_n.jpg?_nc_cat=101&ccb=1-5&_nc_sid=ccf8b3&efg=eyJpIjoidCJ9&_nc_ohc=QkLfBUJi5tQAX_i5i0I&_nc_ht=scontent.fsin4-1.fna&oh=41b67f98d0c2ac10ebdd00e5a70cbbad&oe=6196A1BD'],[None],https://video.fsin4-1.fna.fbcdn.net/v/t42.1790-2/257315043_603797010761518_6266511100912004921_n.mp4?_nc_cat=110&ccb=1-5&_nc_sid=985c63&efg=eyJ2ZW5jb2RlX3RhZyI6InN2ZV9zZCJ9&_nc_ohc=Sx0Kidp7Sz4AX-2CHpN&_nc_rml=0&_nc_ht=video.fsin4-1.fna&oh=ed7ddf9f468bf88df3f03765a41e8014&oe=6191ECB6,,,447666386972051,,,https://scontent.fsin4-1.fna.fbcdn.net/v/t15.5256-10/fr/cp0/e15/q65/254980874_447666630305360_5590760087152525568_n.jpg?_nc_cat=101&ccb=1-5&_nc_sid=ccf8b3&efg=eyJpIjoidCJ9&_nc_ohc=QkLfBUJi5tQAX_i5i0I&_nc_ht=scontent.fsin4-1.fna&oh=41b67f98d0c2ac10ebdd00e5a70cbbad&oe=6196A1BD,,,19,7,10,https://m.facebook.com/groups/sgopposition/permalink/938647503418586/,,[],1044351435,Charles Jtl,https://facebook.com/JTLCHARLES?groupid=565416764074997&refid=18&_ft_=qid.-7413845206513198962%3Amf_story_key.938647503418586%3Atop_level_post_id.938647503418586%3Atl_objid.938647503418586%3Acontent_owner_id_new.1044351435%3Aoriginal_content_id.10221994115816817%3Aoriginal_content_owner_id.1078247881%3Apage_id.565416764074997%3Asrc.22%3Astory_location.6%3Aattached_story_attachment_style.video_inline%3Afilter.GroupStoriesByActivityEntQuery%3Aott.AX_gBXoH7LX2hHF0%3Ainform_treatment.%7B%22938647503418586%22%3A%5B%7B%22category%22%3A%22Compass%22%2C%22rendering_type%22%3A%22post_label%22%2C%22session_id%22%3A%22APJd1IsramivZvfnqT4AInn%3Add0f1469-51a1-4273-879c-c02681be393e%22%7D%5D%7D%3Atds_flgs.3%3Apage_insights.%7B%22565416764074997%22%3A%7B%22page_id%22%3A565416764074997%2C%22page_id_type%22%3A%22group%22%2C%22actor_id%22%3A1044351435%2C%22dm%22%3A%7B%22isShare%22%3A1%2C%22originalPostOwnerID%22%3A10221994115816817%7D%2C%22psn%22%3A%22EntGroupMallPostCreationStory%22%2C%22post_context%22%3A%7B%22object_fbtype%22%3A657%2C%22publish_time%22%3A1636773436%2C%22story_name%22%3A%22EntGroupMallPostCreationStory%22%2C%22story_fbid%22%3A%5B938647503418586%5D%7D%2C%22role%22%3A1%2C%22sl%22%3A6%7D%7D&__tn__=C-R,False,,10221994115816817,2021-11-13 07:26:00,1078247881,Andrew Lee,https://facebook.com/story.php?story_fbid=10221994115816817&id=1078247881,True,,[],https://www.facebook.com/groups/sgopposition/permalink/938647503418586/,"{'like': 19, 'haha': 1, 'wow': 1, 'care': 1, 'sad': 6}",28,"[{'name': 'post', 'link': '/story.php?story_fbid=10221994115816817&id=1078247881&refid=18&_ft_=qid.-7413845206513198962%3Amf_story_key.938647503418586%3Atop_level_post_id.938647503418586%3Atl_objid.938647503418586%3Acontent_owner_id_new.1044351435%3Aoriginal_content_id.10221994115816817%3Aoriginal_content_owner_id.1078247881%3Apage_id.565416764074997%3Asrc.22%3Astory_location.6%3Aattached_story_attachment_style.video_inline%3Afilter.GroupStoriesByActivityEntQuery%3Aott.AX_gBXoH7LX2hHF0%3Ainform_treatment.%7B%22938647503418586%22%3A%5B%7B%22category%22%3A%22Compass%22%2C%22rendering_type%22%3A%22post_label%22%2C%22session_id%22%3A%22APJd1IsramivZvfnqT4AInn%3Add0f1469-51a1-4273-879c-c02681be393e%22%7D%5D%7D%3Atds_flgs.3%3Apage_insights.%7B%22565416764074997%22%3A%7B%22page_id%22%3A565416764074997%2C%22page_id_type%22%3A%22group%22%2C%22actor_id%22%3A1044351435%2C%22dm%22%3A%7B%22isShare%22%3A1%2C%22originalPostOwnerID%22%3A10221994115816817%7D%2C%22psn%22%3A%22EntGroupMallPostCreationStory%22%2C%22post_context%22%3A%7B%22object_fbtype%22%3A657%2C%22publish_time%22%3A1636773436%2C%22story_name%22%3A%22EntGroupMallPostCreationStory%22%2C%22story_fbid%22%3A%5B938647503418586%5D%7D%2C%22role%22%3A1%2C%22sl%22%3A6%7D%7D&__tn__=C-R'}]",565416764074997,,,[],False,2021-11-15 10:54:00.150389
907722093177794,Singapore is the only country in the world where the government claims that it needs to create jobs for foreigners to help create jobs for citizens......instead of just simply creating jobs for citizens.......... and dumb 61% falls for this...,Singapore is the only country in the world where the government claims that it needs to create jobs for foreigners to help create jobs for citizens......instead of just simply creating jobs for citizens.......... and dumb 61% falls for this...,,2021-09-26 12:33:00,1632630780,,,[],[],[],[],,,,,,,,,,219,93,31,https://m.facebook.com/groups/sgopposition/permalink/907722093177794/,,[],599506747,Eugene Ng,https://facebook.com/eugene.ng.900?groupid=565416764074997&refid=18&_ft_=qid.-7413845206547673836%3Amf_story_key.907722093177794%3Atop_level_post_id.907722093177794%3Atl_objid.907722093177794%3Acontent_owner_id_new.599506747%3Apage_id.565416764074997%3Asrc.22%3Astory_location.6%3Afilter.GroupStoriesByActivityEntQuery%3Aott.AX_WojLchkqL9YPL%3Atds_flgs.3%3Apage_insights.%7B%22565416764074997%22%3A%7B%22page_id%22%3A565416764074997%2C%22page_id_type%22%3A%22group%22%2C%22actor_id%22%3A599506747%2C%22dm%22%3A%7B%22isShare%22%3A0%2C%22originalPostOwnerID%22%3A0%7D%2C%22psn%22%3A%22EntGroupMallPostCreationStory%22%2C%22post_context%22%3A%7B%22object_fbtype%22%3A657%2C%22publish_time%22%3A1632630780%2C%22story_name%22%3A%22EntGroupMallPostCreationStory%22%2C%22story_fbid%22%3A%5B907722093177794%5D%7D%2C%22role%22%3A1%2C%22sl%22%3A6%7D%7D&__tn__=C-R,False,,,,,,,True,,[],https://www.facebook.com/groups/sgopposition/permalink/907722093177794/,"{'like': 219, 'love': 3, 'haha': 96, 'wow': 2, 'care': 1, 'sad': 9, 'angry': 26}",356,"[{'name': 'SG Opposition', 'link': 'https://m.facebook.com/groups/sgopposition/?refid=18&_ft_=qid.-7413845206547673836%3Amf_story_key.907722093177794%3Atop_level_post_id.907722093177794%3Atl_objid.907722093177794%3Acontent_owner_id_new.599506747%3Apage_id.565416764074997%3Asrc.22%3Astory_location.6%3Afilter.GroupStoriesByActivityEntQuery%3Aott.AX_WojLchkqL9YPL%3Atds_flgs.3%3Apage_insights.%7B%22565416764074997%22%3A%7B%22page_id%22%3A565416764074997%2C%22page_id_type%22%3A%22group%22%2C%22actor_id%22%3A599506747%2C%22dm%22%3A%7B%22isShare%22%3A0%2C%22originalPostOwnerID%22%3A0%7D%2C%22psn%22%3A%22EntGroupMallPostCreationStory%22%2C%22post_context%22%3A%7B%22object_fbtype%22%3A657%2C%22publish_time%22%3A1632630780%2C%22story_name%22%3A%22EntGroupMallPostCreationStory%22%2C%22story_fbid%22%3A%5B907722093177794%5D%7D%2C%22role%22%3A1%2C%22sl%22%3A6%7D%7D&__tn__=C-R'}]",565416764074997,,,[],False,2021-11-15 10:54:02.373295
901533957129941,"Leong Sze Hian
September 16 at 11:09 AM Â·

Guide to what you can or cannot write about in Sâ€™pore?

(ST, Sep 13) ""MHA says Sedition Act now of limited application and can be repealed""

""The Ministry of Home Affairs (MHA) is seeking to repeal the Sedition Act, which has seen six prosecutions since 1965.

The Sedition (Repeal) Bill was introduced in Parliament on Monday (Sept 13).

The Act criminalises conduct with seditious tendencies, and also empowers the courts to suspend the publication of newspapers containing seditious content and prohibit the circulation of seditious publications.

In existence since 1938, the Act was last used in 2016, in the prosecution of individuals behind The Real Singapore, which had encouraged anti-foreigner sentiment through online posts.

Over the years, new laws have been introduced to deal with concerns in a more targeted and calibrated manner, said MHA.

These include the Maintenance of Religious Harmony Act, the Protection from Online Falsehoods and Manipulation Act 2019, the Administration of Justice (Protection) Act 2016, the Undesirable Publications Act and the Newspaper and Printing Presses Act, as well as specific provisions under the Penal Code.

As such, MHA said the Sedition Act is now of limited application and can be repealed.

However, it added that one aspect of the Act that seeks to ensure social cohesion between different groups continues to be relevant.

The Penal Code, the ministry said, should be amended to ensure this continues to be adequately addressed.

The Sedition Act currently criminalises conduct that promotes feelings of ill-will and hostility between different races or classes.

Disharmony involving religious and racial groups is already covered under other laws, said MHA.

But, if the Act is repealed, there needs to be laws that can deal with disharmony involving groups outside of religious and racial groups.

As such, MHA proposes amendments to the Penal Code, which currently prohibits the making, possession or dissemination of material containing any incitement of violence against others, counselling others to disobey the law, or which is likely to lead to a breach of the peace.

The ministry intends for this to be extended to cover other acts, such as speeches and other verbal communications, but to narrow the scope to require that the offender intended for the violence, disobedience to the law, or breach of the peace to occur, or knew or had reason to believe that these would likely occur.

It will also be amended to clarify that ""counselling disobedience to the law"" includes, but is not limited to, providing instruction, advice, or information that promotes disobedience to the law.

The Bill also seeks to deal with the powers of arrest when the Sedition Act is repealed. Under the Act, offenders can be arrested.

To ensure the police can still act swiftly and effectively, MHA proposes that other offences currently under the Penal Code be amended to be made arrestable ones.

The offences are: the deliberate wounding of any person's religious or racial feelings; the promotion of disharmony between different religious and racial groups and acts which are prejudicial to the maintenance of harmony between religious or racial groups and which disturb the public tranquillity; and the making, publication or circulation of material with intent to incite any class of persons to commit an offence against another class of persons.""

In this connection, after reading this â€“ it got me thinking â€“ perhaps I could try to write a guide on what you can or cannot write about in Singapore?

Well, here goes â€¦

â€¦ â€œthe deliberate wounding of any person's religious or racial feelings; the promotion of disharmony between different religious and racial groups and acts which are prejudicial to the maintenance of harmony between religious or racial groups and which disturb the public tranquillity; and the making, publication or circulation of material with intent to incite any class of persons to commit an offence against another class of persons""

... to be safe, better not write about (such as criticism), if you have any affiliations with or funding from foreign sources (Foreign Interference (Countermeasures) Bill)

â€¦ cannot write about an on going court case or police investigation? (Administration of Justice (Protection) Bill)

â€¦ cannot write about anything that may be deemed as harassment? (Protection from Harassment Act)

â€¦ cannot write about anything that may be deemed as defamatory? (Defamation Act)

â€¦ may not write about or use Lee Kuan Yewâ€™s name or image or likeness in such a way as may be construed as â€œ(not) accorded dignity and respectâ€ (Guidelines of the Ministry of Culture, Community and Youth (MCCY))

â€¦ cannot write about anything that may be construed as in some way, be related to â€œany evidence given, or any documents presented to the (Select) committee, or extractsâ€œ?

I hope you find the above laymanâ€™s guide useful.

My fellow Singaporeans â€“ Happy writing!",,"Leong Sze Hian
September 16 at 11:09 AM Â·

Guide to what you can or cannot write about in Sâ€™pore?

(ST, Sep 13) ""MHA says Sedition Act now of limited application and can be repealed""

""The Ministry of Home Affairs (MHA) is seeking to repeal the Sedition Act, which has seen six prosecutions since 1965.

The Sedition (Repeal) Bill was introduced in Parliament on Monday (Sept 13).

The Act criminalises conduct with seditious tendencies, and also empowers the courts to suspend the publication of newspapers containing seditious content and prohibit the circulation of seditious publications.

In existence since 1938, the Act was last used in 2016, in the prosecution of individuals behind The Real Singapore, which had encouraged anti-foreigner sentiment through online posts.

Over the years, new laws have been introduced to deal with concerns in a more targeted and calibrated manner, said MHA.

These include the Maintenance of Religious Harmony Act, the Protection from Online Falsehoods and Manipulation Act 2019, the Administration of Justice (Protection) Act 2016, the Undesirable Publications Act and the Newspaper and Printing Presses Act, as well as specific provisions under the Penal Code.

As such, MHA said the Sedition Act is now of limited application and can be repealed.

However, it added that one aspect of the Act that seeks to ensure social cohesion between different groups continues to be relevant.

The Penal Code, the ministry said, should be amended to ensure this continues to be adequately addressed.

The Sedition Act currently criminalises conduct that promotes feelings of ill-will and hostility between different races or classes.

Disharmony involving religious and racial groups is already covered under other laws, said MHA.

But, if the Act is repealed, there needs to be laws that can deal with disharmony involving groups outside of religious and racial groups.

As such, MHA proposes amendments to the Penal Code, which currently prohibits the making, possession or dissemination of material containing any incitement of violence against others, counselling others to disobey the law, or which is likely to lead to a breach of the peace.

The ministry intends for this to be extended to cover other acts, such as speeches and other verbal communications, but to narrow the scope to require that the offender intended for the violence, disobedience to the law, or breach of the peace to occur, or knew or had reason to believe that these would likely occur.

It will also be amended to clarify that ""counselling disobedience to the law"" includes, but is not limited to, providing instruction, advice, or information that promotes disobedience to the law.

The Bill also seeks to deal with the powers of arrest when the Sedition Act is repealed. Under the Act, offenders can be arrested.

To ensure the police can still act swiftly and effectively, MHA proposes that other offences currently under the Penal Code be amended to be made arrestable ones.

The offences are: the deliberate wounding of any person's religious or racial feelings; the promotion of disharmony between different religious and racial groups and acts which are prejudicial to the maintenance of harmony between religious or racial groups and which disturb the public tranquillity; and the making, publication or circulation of material with intent to incite any class of persons to commit an offence against another class of persons.""

In this connection, after reading this â€“ it got me thinking â€“ perhaps I could try to write a guide on what you can or cannot write about in Singapore?

Well, here goes â€¦

â€¦ â€œthe deliberate wounding of any person's religious or racial feelings; the promotion of disharmony between different religious and racial groups and acts which are prejudicial to the maintenance of harmony between religious or racial groups and which disturb the public tranquillity; and the making, publication or circulation of material with intent to incite any class of persons to commit an offence against another class of persons""

... to be safe, better not write about (such as criticism), if you have any affiliations with or funding from foreign sources (Foreign Interference (Countermeasures) Bill)

â€¦ cannot write about an on going court case or police investigation? (Administration of Justice (Protection) Bill)

â€¦ cannot write about anything that may be deemed as harassment? (Protection from Harassment Act)

â€¦ cannot write about anything that may be deemed as defamatory? (Defamation Act)

â€¦ may not write about or use Lee Kuan Yewâ€™s name or image or likeness in such a way as may be construed as â€œ(not) accorded dignity and respectâ€ (Guidelines of the Ministry of Culture, Community and Youth (MCCY))

â€¦ cannot write about anything that may be construed as in some way, be related to â€œany evidence given, or any documents presented to the (Select) committee, or extractsâ€œ?

I hope you find the above laymanâ€™s guide useful.

My fellow Singaporeans â€“ Happy writing!",2021-09-16 11:12:35,1631761955,,,[],[],[],[],,,,,,,,,,20,5,3,https://m.facebook.com/groups/sgopposition/permalink/901533957129941/,,"[{'link': '/story.php?story_fbid=10161573443124196&id=607344195&refid=18', 'text': 'More'}, {'link': '/story.php?story_fbid=10161573443124196&id=607344195&_ft_=top_level_post_id.10161573443124196%3Acontent_owner_id_new.607344195%3Astory_location.6&refid=18&__tn__=%2C%3B', 'text': 'More'}]",607344195,Leong Sze Hian,https://facebook.com/leong.hian?groupid=565416764074997&refid=18&_ft_=qid.-7413845206656734283%3Amf_story_key.901533957129941%3Atop_level_post_id.901533957129941%3Atl_objid.901533957129941%3Acontent_owner_id_new.607344195%3Aoriginal_content_id.10161573443124196%3Aoriginal_content_owner_id.607344195%3Apage_id.565416764074997%3Asrc.22%3Astory_location.6%3Afilter.GroupStoriesByActivityEntQuery%3Aott.AX9i8uP7ZGVEW2Jx%3Atds_flgs.3%3Apage_insights.%7B%22565416764074997%22%3A%7B%22page_id%22%3A565416764074997%2C%22page_id_type%22%3A%22group%22%2C%22actor_id%22%3A607344195%2C%22dm%22%3A%7B%22isShare%22%3A1%2C%22originalPostOwnerID%22%3A10161573443124196%7D%2C%22psn%22%3A%22EntGroupMallPostCreationStory%22%2C%22post_context%22%3A%7B%22object_fbtype%22%3A657%2C%22publish_time%22%3A1631761955%2C%22story_name%22%3A%22EntGroupMallPostCreationStory%22%2C%22story_fbid%22%3A%5B901533957129941%5D%7D%2C%22role%22%3A1%2C%22sl%22%3A6%7D%7D&__tn__=C-R,False,,10161573443124196,2021-09-16 11:09:00,607344195,Leong Sze Hian,https://facebook.com/story.php?story_fbid=10161573443124196&id=607344195,True,,[],https://www.facebook.com/groups/sgopposition/permalink/901533957129941/,"{'like': 20, 'love': 1, 'wow': 1, 'angry': 2}",24,"[{'name': 'post', 'link': '/story.php?story_fbid=10161573443124196&id=607344195&refid=18&_ft_=qid.-7413845206656734283%3Amf_story_key.901533957129941%3Atop_level_post_id.901533957129941%3Atl_objid.901533957129941%3Acontent_owner_id_new.607344195%3Aoriginal_content_id.10161573443124196%3Aoriginal_content_owner_id.607344195%3Apage_id.565416764074997%3Asrc.22%3Astory_location.6%3Afilter.GroupStoriesByActivityEntQuery%3Aott.AX9i8uP7ZGVEW2Jx%3Atds_flgs.3%3Apage_insights.%7B%22565416764074997%22%3A%7B%22page_id%22%3A565416764074997%2C%22page_id_type%22%3A%22group%22%2C%22actor_id%22%3A607344195%2C%22dm%22%3A%7B%22isShare%22%3A1%2C%22originalPostOwnerID%22%3A10161573443124196%7D%2C%22psn%22%3A%22EntGroupMallPostCreationStory%22%2C%22post_context%22%3A%7B%22object_fbtype%22%3A657%2C%22publish_time%22%3A1631761955%2C%22story_name%22%3A%22EntGroupMallPostCreationStory%22%2C%22story_fbid%22%3A%5B901533957129941%5D%7D%2C%22role%22%3A1%2C%22sl%22%3A6%7D%7D&__tn__=C-R'}]",565416764074997,,,[],False,2021-11-15 10:54:03.514270
